Id, Nombre, DNI, Fecha nacimiento, Dirección, Correo electrónico 
None,Loreto,36581601D,04-05-1998,Calle Gutierrez mellado 13,Loreto@gmail.com
None,Carlos,56396587N,05-11-1980,Calle princesa 6,Carlos@gmail.com
None,Pablo,25649656X,10-09-1990,Avenida del mar 12,Pablo@gmail.com
None,David,65365246M,05-06-2000,Calle Fiesta 2,David@gmail.com
None,Sergio,25469632F,01-08-2005,Calle reina Sofía 4,Sergio@gmail.com
None,Angel,45635423L,14-11-1983,Calle de los apóstoles 54,Angel@gmail.com
None,talia,92045548K,06-07-1963,Via Martirio Cases 55,natalia.pera@gmail.com
None,men,93854054A,08-08-1970,Paseo de Carina Ojeda 90,mamen.salamanca@yahoo.com
None,ire,54570120Q,15-09-1970,Glorieta Almudena Huertas 85 Piso 3 ,leire.agullo@gmail.com
None,lora,26962297M,16-08-1995,Plaza de Chuy Pol 528,flora.coronado@gmail.com
None,oaquina,77567461K,21-07-2002,Cañada Claudio Vicente 760 Apt. 02 ,joaquina.torre@hotmail.com
None,mma,33137760I,15-12-1987,Pasadizo Irma Vizcaíno 85,emma.bautista@yahoo.com
None,lisabet,36654814T,25-04-1968,Vial de Chita Correa 63,elisabet.montenegro@gmail.com
None,ordán,19701678S,30-08-2001,Camino Rafael Barriga 28,jordán.guardiola@yahoo.com
None,imón,68270559C,26-04-1947,Cañada de Alberto Amo 96 Puerta 7 ,simón.soler@hotmail.com
None,mparo,13041698L,01-11-1940,Cañada Luis Azcona 330,amparo.mármol@hotmail.com
None,aniel,92468236P,13-08-1998,Via Concepción Alcántara 18 Apt. 05 ,daniel.patiño@hotmail.com
None,ema,31372229K,23-04-1961,Vial de Chucho Tello 53,gema.rocha@yahoo.com
None,onifacio,94608829C,09-03-1975,Pasaje Consuela Rovira 98 Piso 6 ,bonifacio.arce@gmail.com
None,epita,46744174E,11-06-1975,Callejón Jose Francisco Rosales 56 Puerta 1 ,pepita.vilanova@gmail.com
None,zeneth,74409678Z,17-12-1961,Vial de Xavier Montes 722,azeneth.olmo@yahoo.com
None,amuel,37570789T,02-06-1955,Cuesta Ricardo Cordero 92 Puerta 4 ,samuel.rivas@yahoo.com
None,eynaldo,54554259Z,20-08-1996,Urbanización de Luis Arnaiz 675 Apt. 34 ,reynaldo.uriarte@gmail.com
None,ose Luis,19457154Z,17-02-1966,Vial Isidora Sala 60 Apt. 98 ,jose luis.bolaños@hotmail.com
None,eriberto,47088925C,18-11-2001,Alameda de Charo Porta 15,heriberto.peral@gmail.com
None,ernando,98062216F,07-04-1943,Paseo de Morena Ordóñez 37,hernando.segura@yahoo.com
None,ernán,90139026I,09-09-1934,Cuesta de Evaristo Andres 724,hernán.ramis@yahoo.com
None,ntonia,62857787C,07-01-2006,Via de María Teresa Roig 60 Puerta 8 ,antonia.prada@yahoo.com
None,andelaria,36531430R,02-08-1965,Ronda Javiera Larrañaga 1,candelaria.portero@gmail.com
None,ereida,97507887N,17-08-1977,Urbanización de Leonardo Alberto 60,nereida.guitart@hotmail.com
None,ereida,13209451Y,09-01-1981,Alameda Calista Fortuny 33,nereida.heras@gmail.com
None,lemente,41526357P,12-12-1950,Camino de Rosalva Font 84 Puerta 0 ,clemente.borrell@gmail.com
None,ustavo,85553621Q,14-07-1987,Cuesta de Gonzalo Vendrell 330,gustavo.urrutia@yahoo.com
None,ico,83308540U,09-11-1979,Pasaje Rómulo Alfaro 460,rico.alvarez@hotmail.com
None,ernardo,11066419N,13-10-1958,Camino Renata Uría 4 Apt. 97 ,bernardo.vallés@gmail.com
None,antos,83634038Q,24-09-1962,Avenida Leopoldo Bernad 38 Puerta 0 ,santos.baños@yahoo.com
None,ar,14002048I,06-09-1981,Calle Asunción Castilla 61,mar.báez@gmail.com
None,manda,45238748A,27-01-1973,Ronda Lola Mesa 52,amanda.gámez@gmail.com
None,íctor,78298715W,12-08-1991,Acceso de Corona Lopez 529,víctor.angulo@hotmail.com
None,alixto,80444206O,14-07-2001,Cuesta de Cecilia Martinez 13 Puerta 6 ,calixto.rodríguez@hotmail.com
None,gueda,53311601K,22-08-1938,Callejón de Jose Salgado 98,águeda.tena@hotmail.com
None,epito,50279383I,29-06-1948,Pasadizo Soledad Rivas 29 Piso 6 ,pepito.coello@gmail.com
None,delmira,60153898F,18-01-1962,Cañada de Íngrid Céspedes 66 Apt. 51 ,edelmira.arévalo@yahoo.com
None,ésica,73300733K,14-11-1952,C. Ana Belén Montserrat 5,yésica.sarabia@yahoo.com
None,ligia,65605265F,14-10-2006,Pasaje Rómulo Valero 834,eligia.ribera@gmail.com
None,ndrés Felipe,96601498B,26-06-1978,Urbanización Herberto Berenguer 451,andrés felipe.cantón@yahoo.com
None,ilvio,40736337O,16-03-1939,Callejón Maricruz Pombo 87 Piso 9 ,silvio.niño@gmail.com
None,sa,81342048I,04-03-1977,Callejón Angelita Lillo 7,isa.cabello@hotmail.com
None,ánfilo,32285066K,11-04-1992,Via de Delfina Rubio 6,pánfilo.olivares@yahoo.com
None,éstor,44793533X,04-10-1973,Plaza de Juan Pablo Mayol 70,néstor.artigas@yahoo.com
None,ulián,79903925Y,15-04-1988,Paseo de Prudencio Carmona 21 Apt. 05 ,julián.verdugo@gmail.com
None,ema,19361687Q,19-04-1982,Calle Alberto Gomis 86,gema.vizcaíno@gmail.com
None,igfrido,62574067W,27-09-1952,Camino Antonia Dalmau 61,sigfrido.sierra@gmail.com
None,aira,53482280U,24-10-1963,Callejón de René Bonilla 26 Apt. 64 ,zaira.carrión@hotmail.com
None,aime,31393535G,23-09-1937,C. de Luciana Barragán 91 Apt. 30 ,jaime.bertrán@gmail.com
None,erla,21712799L,15-11-1991,Urbanización Manu Querol 96 Puerta 6 ,perla.ribes@hotmail.com
None,delmira,76894889H,18-05-1950,Glorieta Benjamín Alcalde 875,edelmira.fabra@gmail.com
None,ilvia,75911905B,09-06-1988,Pasaje de Pepe Roldan 81,silvia.villalonga@hotmail.com
None,elena,37152841F,31-07-1955,Alameda de Cristian Piñeiro 76,selena.rebollo@gmail.com
None,autista,67527308B,02-08-1986,Plaza Fátima Escrivá 71,bautista.barrios@yahoo.com
None,lbert,50242255G,20-01-1962,Alameda de Agustín Sabater 11,albert.sebastián@gmail.com
None,amilo,49789163Y,21-01-1959,Cañada de Marta Guzman 5,camilo.blázquez@yahoo.com
None,acaria,99129898Y,29-10-1987,Vial Américo Espejo 24 Piso 6 ,macaria.jaume@yahoo.com
None,eatriz,20965410G,15-07-1951,Calle de Pedro Pol 49 Apt. 11 ,beatriz.alegre@gmail.com
None,ireia,76742922T,17-10-1999,Glorieta Marcia Estévez 11,mireia.moya@gmail.com
None,elfina,18985757L,26-07-2006,Pasaje de Inés Sanmartín 23,delfina.requena@hotmail.com
None,ertrudis,67057251F,19-06-1936,Vial Luisina Nieto 29 Puerta 8 ,gertrudis.larrea@yahoo.com
None,rsula,39862263Y,09-01-1987,Avenida de Quirino Colom 993 Piso 4 ,úrsula.oller@yahoo.com
None,aximiano,14347432E,10-12-1934,C. Ariel Peñalver 19 Puerta 8 ,maximiano.artigas@gmail.com
None,uy,37105691E,07-03-1992,Vial de Eloy Frutos 48 Apt. 77 ,ruy.calatayud@gmail.com
None,orena,36777781E,03-06-1945,Glorieta Juan Pablo Canales 92 Puerta 4 ,morena.figueras@gmail.com
None,asandra,35889025Z,26-06-2006,Cañada de Rafael Figueroa 52,casandra.goñi@yahoo.com
None,alixto,27845509K,29-04-1943,Rambla Micaela Vergara 58,calixto.castillo@gmail.com
None,aspar,61530964Z,03-07-1970,Urbanización Geraldo Huertas 98,gaspar.cobo@hotmail.com
None,delardo,10044661U,01-07-1954,Urbanización de Elena Reig 221 Apt. 94 ,adelardo.gras@hotmail.com
None,osefina,90138823F,09-03-1993,Callejón de Teo Correa 5,josefina.ribera@yahoo.com
None,runo,24152042U,28-01-1996,Pasadizo de Cruz Abella 37,bruno.bermudez@hotmail.com
None,ienvenida,97192157G,05-11-1952,Paseo de Celestino Galán 2,bienvenida.miranda@hotmail.com
None,oé,74552211S,14-06-1962,Glorieta Miguel Ángel Ortuño 59 Piso 3 ,noé.zurita@yahoo.com
None,eodosio,98537776Z,16-03-2003,Via Alejandra Sacristán 93,teodosio.zaragoza@hotmail.com
None,mma,47531771Q,14-12-1989,Callejón Dora Gallo 9 Puerta 7 ,emma.acero@yahoo.com
None,atricia,11787880M,24-10-1983,Alameda de Estela Talavera 71 Puerta 9 ,patricia.roda@hotmail.com
None,scar,26302266N,13-11-2005,Pasadizo Leocadio Conde 573,óscar.ferrán@hotmail.com
None,uanito,67261776N,28-12-1971,Pasaje Diana Sevilla 71 Puerta 5 ,juanito.ricart@hotmail.com
None,lorencio,66509904E,01-12-1938,Paseo de Virginia Gallego 990 Puerta 9 ,florencio.pont@gmail.com
None,ito,32230693F,26-08-1984,Acceso de Toni Pera 43,tito.chaparro@hotmail.com
None,marilis,33804523R,06-09-1959,Alameda de Cristian Lopez 382 Apt. 91 ,amarilis.catalá@gmail.com
None,ster,31751745E,20-05-1941,Urbanización de Juan Carlos Nogués 450,ester.portero@yahoo.com
None,edro,35687873U,24-04-2002,Pasaje Fulgencio Corral 845 Piso 1 ,pedro.calatayud@yahoo.com
None,usebia,88621957U,02-07-1941,Glorieta de Vicenta Diego 19,eusebia.fernandez@hotmail.com
None,aría José,26500223E,31-10-1968,Vial de Coral Pont 7 Piso 7 ,maría josé.amores@hotmail.com
None,osa,97856703K,27-05-1972,Rambla Mario Gracia 67 Puerta 9 ,rosa.galán@gmail.com
None,idia,55838060A,20-09-1963,Via Benita Calderon 53 Apt. 92 ,lidia.barros@yahoo.com
None,rturo,90389276A,24-12-1987,Rambla de Clara Girón 51 Piso 9 ,arturo.ródenas@gmail.com
None,urificación,59588854Z,23-05-1999,Urbanización Lupe Portillo 62 Apt. 44 ,purificación.bernad@gmail.com
None,ucía,65123461L,08-07-1999,Rambla de Maximiano Arnal 1,lucía.escudero@yahoo.com
None,atías,82303493H,23-01-1977,Calle Josefa Merino 84,matías.benavides@gmail.com
None,lorina,71427615H,28-12-1964,Urbanización de Leyre Palomar 1,florina.castells@gmail.com
None,intia,80291985A,23-06-1944,Cuesta de Blas Castelló 14,cintia.perez@gmail.com
None,Calixta,60674722L,24-03-1991,Glorieta Evangelina Pulido 77 Piso 9 ,calixta.urrutia@hotmail.com
None,María Belén,69683233O,11-10-1966,Ronda de Reyna Olmo 16,maría belén.palomo@gmail.com
None,Azucena,68810896V,10-03-1999,Plaza de Fabiola Alcalde 81 Puerta 2 ,azucena.costa@hotmail.com
None,Damián,63910887E,08-04-1952,Pasaje Blanca Piñeiro 59,damián.andres@hotmail.com
None,Anastasio,52376535Q,08-07-1980,Pasadizo de Susana Menéndez 78,anastasio.tena@yahoo.com
None,Zaida,51911823E,24-10-1998,Camino Trinidad Garriga 987 Puerta 6 ,zaida.ramos@yahoo.com
None,Prudencio,67512325B,21-04-1961,Pasaje Narcisa Huertas 97 Puerta 4 ,prudencio.viana@yahoo.com
